class	register	word
adj	ah	blistered
adj	ah	clammy
adj	ah	cloying
adj	ah	cracked
adj	ah	damp
adj	ah	dank
adj	ah	drenched
adj	ah	dripping
adj	ah	fetid
adj	ah	fevered
adj	ah	frayed
adj	ah	gaunt
adj	ah	glistening
adj	ah	gnarled
adj	ah	greasy
adj	ah	gritty
adj	ah	humid
adj	ah	moist
adj	ah	murky
adj	ah	oozing
adj	ah	pallid
adj	ah	papery
adj	ah	peeling
adj	ah	pulsing
adj	ah	rank
adj	ah	rough
adj	ah	saturated
adj	ah	scarred
adj	ah	scuffed
adj	ah	skeletal
adj	ah	slick
adj	ah	slimy
adj	ah	sodden
adj	ah	split
adj	ah	spongy
adj	ah	sticky
adj	ah	swampy
adj	ah	sweating
adj	ah	swollen
adj	ah	tattered
adj	ah	viscous
adj	ah	weathered
adj	ah	weeping
adj	ah	wet
adj	ah	worn
adj	ahaha	aged
adj	ahaha	ash-covered
adj	ahaha	ashen
adj	ahaha	blackened
adj	ahaha	bleached
adj	ahaha	blistered
adj	ahaha	broken
adj	ahaha	burned
adj	ahaha	burnt
adj	ahaha	calcified
adj	ahaha	charred
adj	ahaha	corroded
adj	ahaha	cracked
adj	ahaha	crumbled
adj	ahaha	crumbling
adj	ahaha	darkened
adj	ahaha	decayed
adj	ahaha	decaying
adj	ahaha	eroded
adj	ahaha	eroding
adj	ahaha	faded
adj	ahaha	fading
adj	ahaha	fractured
adj	ahaha	fused
adj	ahaha	gleaming
adj	ahaha	glistening
adj	ahaha	glowing
adj	ahaha	molten
adj	ahaha	peeling
adj	ahaha	regenerating
adj	ahaha	rotting
adj	ahaha	rusted
adj	ahaha	scaled
adj	ahaha	scarred
adj	ahaha	scorched
adj	ahaha	shattered
adj	ahaha	singed
adj	ahaha	sloughing
adj	ahaha	sooty
adj	ahaha	splintered
adj	ahaha	tarnished
adj	ahaha	tattered
adj	ahaha	warped
adj	ahaha	weathered
adj	ahaha	withered
adj	ahaha	withering
adj	ahaha	worn
adj	ahhh	aged
adj	ahhh	ancient
adj	ahhh	clear
adj	ahhh	dark
adj	ahhh	deep
adj	ahhh	eternal
adj	ahhh	ethereal
adj	ahhh	faint
adj	ahhh	glowing
adj	ahhh	golden
adj	ahhh	hoary
adj	ahhh	immense
adj	ahhh	immutable
adj	ahhh	inevitable
adj	ahhh	infinite
adj	ahhh	lucent
adj	ahhh	luminous
adj	ahhh	pale
adj	ahhh	patient
adj	ahhh	primeval
adj	ahhh	pristine
adj	ahhh	profound
adj	ahhh	radiant
adj	ahhh	serene
adj	ahhh	settled
adj	ahhh	shadowed
adj	ahhh	stark
adj	ahhh	still
adj	ahhh	stratified
adj	ahhh	sublime
adj	ahhh	timeless
adj	ahhh	tranquil
adj	ahhh	twilight
adj	ahhh	vast
adj	ahhh	worn
noun	ah	amber
noun	ah	ash
noun	ah	bile
noun	ah	brine
noun	ah	carrion
noun	ah	chalk
noun	ah	decay
noun	ah	dew
noun	ah	drip
noun	ah	dusk
noun	ah	dust
noun	ah	filth
noun	ah	flesh
noun	ah	fog
noun	ah	frost
noun	ah	fungus
noun	ah	gore
noun	ah	grime
noun	ah	grit
noun	ah	haze
noun	ah	humidity
noun	ah	ichor
noun	ah	lichen
noun	ah	loam
noun	ah	marrow
noun	ah	mire
noun	ah	moisture
noun	ah	mold
noun	ah	moss
noun	ah	muck
noun	ah	mud
noun	ah	murk
noun	ah	nitre
noun	ah	ooze
noun	ah	phlegm
noun	ah	pus
noun	ah	rot
noun	ah	sap
noun	ah	scum
noun	ah	seep
noun	ah	seepage
noun	ah	serum
noun	ah	silt
noun	ah	sinew
noun	ah	slime
noun	ah	sludge
noun	ah	soot
noun	ah	swamp
noun	ah	sweat
noun	ah	tannin
noun	ah	tar
noun	ah	vapor
noun	ah	vermin
noun	ah	viscera
noun	ah	wound
noun	ahaha	alloy
noun	ahaha	ash
noun	ahaha	blaze
noun	ahaha	blight
noun	ahaha	bone
noun	ahaha	calcification
noun	ahaha	canker
noun	ahaha	char
noun	ahaha	cinder
noun	ahaha	coal
noun	ahaha	corrosion
noun	ahaha	crust
noun	ahaha	decay
noun	ahaha	ember
noun	ahaha	erosion
noun	ahaha	fissure
noun	ahaha	forge
noun	ahaha	fusion
noun	ahaha	glass
noun	ahaha	ice
noun	ahaha	ichor
noun	ahaha	iron
noun	ahaha	lava
noun	ahaha	magma
noun	ahaha	moss
noun	ahaha	mud
noun	ahaha	patina
noun	ahaha	rime
noun	ahaha	rot
noun	ahaha	rust
noun	ahaha	scale
noun	ahaha	scar
noun	ahaha	scour
noun	ahaha	sediment
noun	ahaha	slag
noun	ahaha	slough
noun	ahaha	smoke
noun	ahaha	soot
noun	ahaha	splinter
noun	ahaha	stain
noun	ahaha	stone
noun	ahaha	tarnish
noun	ahaha	weathering
noun	ahaha	weld
noun	ahaha	wound
noun	ahhh	abyss
noun	ahhh	air
noun	ahhh	basalt
noun	ahhh	beam
noun	ahhh	bedrock
noun	ahhh	canyon
noun	ahhh	cathedral
noun	ahhh	cavern
noun	ahhh	chasm
noun	ahhh	crevasse
noun	ahhh	crystal
noun	ahhh	deposit
noun	ahhh	depth
noun	ahhh	distance
noun	ahhh	dust
noun	ahhh	earth
noun	ahhh	expanse
noun	ahhh	grace
noun	ahhh	grain
noun	ahhh	granite
noun	ahhh	grave
noun	ahhh	heartwood
noun	ahhh	hush
noun	ahhh	keystone
noun	ahhh	knot
noun	ahhh	layer
noun	ahhh	light
noun	ahhh	lintel
noun	ahhh	luminescence
noun	ahhh	marble
noun	ahhh	mist
noun	ahhh	monument
noun	ahhh	obsidian
noun	ahhh	ore
noun	ahhh	peace
noun	ahhh	pith
noun	ahhh	quartz
noun	ahhh	radiance
noun	ahhh	realm
noun	ahhh	ring
noun	ahhh	root
noun	ahhh	ruin
noun	ahhh	sediment
noun	ahhh	silence
noun	ahhh	sky
noun	ahhh	slate
noun	ahhh	stillness
noun	ahhh	stone
noun	ahhh	stratum
noun	ahhh	timber
noun	ahhh	vault
noun	ahhh	void
noun	ahhh	wasteland
noun	ahhh	wonder
noun	ahhh	wood
verb	ah	adheres
verb	ah	bleeds
verb	ah	clings
verb	ah	cloaks
verb	ah	clots
verb	ah	creeps
verb	ah	drapes
verb	ah	drenches
verb	ah	drips
verb	ah	drools
verb	ah	festers
verb	ah	gathers
verb	ah	hangs
verb	ah	leaks
verb	ah	oozes
verb	ah	pools
verb	ah	pulses
verb	ah	reeks
verb	ah	rots
verb	ah	ruptures
verb	ah	seeps
verb	ah	shudders
verb	ah	slithers
verb	ah	soaks
verb	ah	squelches
verb	ah	stains
verb	ah	sticks
verb	ah	stinks
verb	ah	sweats
verb	ah	swells
verb	ah	throbs
verb	ah	trickles
verb	ah	weeps
verb	ah	writhes
verb	ahaha	blackens
verb	ahaha	bleaches
verb	ahaha	bleeds
verb	ahaha	blisters
verb	ahaha	blooms
verb	ahaha	breaks
verb	ahaha	buckles
verb	ahaha	burns
verb	ahaha	chars
verb	ahaha	collapses
verb	ahaha	corrodes
verb	ahaha	cracks
verb	ahaha	crumbles
verb	ahaha	crystallizes
verb	ahaha	decays
verb	ahaha	dissolves
verb	ahaha	erodes
verb	ahaha	fades
verb	ahaha	fractures
verb	ahaha	fragments
verb	ahaha	fuses
verb	ahaha	ignites
verb	ahaha	melts
verb	ahaha	oxidizes
verb	ahaha	peels
verb	ahaha	pools
verb	ahaha	regenerates
verb	ahaha	rots
verb	ahaha	rusts
verb	ahaha	scorches
verb	ahaha	settles
verb	ahaha	shatters
verb	ahaha	shifts
verb	ahaha	sinks
verb	ahaha	sloughs
verb	ahaha	smolders
verb	ahaha	splinters
verb	ahaha	splits
verb	ahaha	spreads
verb	ahaha	tarnishes
verb	ahaha	transmutes
verb	ahaha	warps
verb	ahaha	weathers
verb	ahaha	withers
verb	ahhh	abides
verb	ahhh	anchors
verb	ahhh	bears
verb	ahhh	breathes
verb	ahhh	broods
verb	ahhh	creaks
verb	ahhh	dwells
verb	ahhh	emanates
verb	ahhh	emerges
verb	ahhh	endures
verb	ahhh	expands
verb	ahhh	flows
verb	ahhh	glimmers
verb	ahhh	glows
verb	ahhh	holds
verb	ahhh	illuminates
verb	ahhh	lingers
verb	ahhh	looms
verb	ahhh	persists
verb	ahhh	prevails
verb	ahhh	radiates
verb	ahhh	remains
verb	ahhh	resonates
verb	ahhh	rests
verb	ahhh	settles
verb	ahhh	shines
verb	ahhh	sleeps
verb	ahhh	spreads
verb	ahhh	stands
verb	ahhh	stretches
verb	ahhh	sustains
verb	ahhh	towers
verb	ahhh	waits